{
  "id": "3713732",
  "name": "工艺客户端",
  "font_family": "iconfont",
  "css_prefix_text": "icon-",
  "description": "",
  "glyphs": [
    {
      "icon_id": "33131328",
      "name": "add2",
      "font_class": "add2",
      "unicode": "e660",
      "unicode_decimal": 58976
    },
    {
      "icon_id": "32692217",
      "name": "更多@1x",
      "font_class": "more",
      "unicode": "e65f",
      "unicode_decimal": 58975
    },
    {
      "icon_id": "32454685",
      "name": "unknown14x14@1x的副本",
      "font_class": "other",
      "unicode": "e658",
      "unicode_decimal": 58968
    },
    {
      "icon_id": "32411584",
      "name": "back14x14",
      "font_class": "back",
      "unicode": "e655",
      "unicode_decimal": 58965
    },
    {
      "icon_id": "32362724",
      "name": "search20x20",
      "font_class": "search",
      "unicode": "e65d",
      "unicode_decimal": 58973
    },
    {
      "icon_id": "32362725",
      "name": "切割次数14x14",
      "font_class": "cuttime",
      "unicode": "e65e",
      "unicode_decimal": 58974
    },
    {
      "icon_id": "32362035",
      "name": "删除36x36",
      "font_class": "del",
      "unicode": "e65c",
      "unicode_decimal": 58972
    },
    {
      "icon_id": "32348756",
      "name": "folderadd_16x16",
      "font_class": "folderadd",
      "unicode": "e63f",
      "unicode_decimal": 58943
    },
    {
      "icon_id": "32360714",
      "name": "关闭14x14",
      "font_class": "close",
      "unicode": "e643",
      "unicode_decimal": 58947
    },
    {
      "icon_id": "32360715",
      "name": "角标14x14",
      "font_class": "angle",
      "unicode": "e644",
      "unicode_decimal": 58948
    },
    {
      "icon_id": "32360717",
      "name": "部分选择18x18",
      "font_class": "part",
      "unicode": "e646",
      "unicode_decimal": 58950
    },
    {
      "icon_id": "32360719",
      "name": "导入20x20",
      "font_class": "input",
      "unicode": "e648",
      "unicode_decimal": 58952
    },
    {
      "icon_id": "32360720",
      "name": "客服20x20",
      "font_class": "client",
      "unicode": "e649",
      "unicode_decimal": 58953
    },
    {
      "icon_id": "32360721",
      "name": "联网诊断20x20",
      "font_class": "diagnose",
      "unicode": "e64a",
      "unicode_decimal": 58954
    },
    {
      "icon_id": "32360722",
      "name": "详情20x20",
      "font_class": "detail",
      "unicode": "e64b",
      "unicode_decimal": 58955
    },
    {
      "icon_id": "32360724",
      "name": "add14x14",
      "font_class": "add",
      "unicode": "e64c",
      "unicode_decimal": 58956
    },
    {
      "icon_id": "32360725",
      "name": "failure14x14@1x",
      "font_class": "failure",
      "unicode": "e64d",
      "unicode_decimal": 58957
    },
    {
      "icon_id": "32360726",
      "name": "time14x14",
      "font_class": "time",
      "unicode": "e64e",
      "unicode_decimal": 58958
    },
    {
      "icon_id": "32360727",
      "name": "rename20x20",
      "font_class": "rename",
      "unicode": "e64f",
      "unicode_decimal": 58959
    },
    {
      "icon_id": "32360728",
      "name": "小程序20x20",
      "font_class": "app",
      "unicode": "e650",
      "unicode_decimal": 58960
    },
    {
      "icon_id": "32360729",
      "name": "未选18x18",
      "font_class": "unselect",
      "unicode": "e651",
      "unicode_decimal": 58961
    },
    {
      "icon_id": "32360730",
      "name": "最小化14x14",
      "font_class": "mini",
      "unicode": "e652",
      "unicode_decimal": 58962
    },
    {
      "icon_id": "32360731",
      "name": "选中18x18",
      "font_class": "selected",
      "unicode": "e653",
      "unicode_decimal": 58963
    },
    {
      "icon_id": "32360732",
      "name": "success14x14@1x",
      "font_class": "success",
      "unicode": "e654",
      "unicode_decimal": 58964
    },
    {
      "icon_id": "32360734",
      "name": "云上传16x16",
      "font_class": "upload",
      "unicode": "e656",
      "unicode_decimal": 58966
    },
    {
      "icon_id": "32360735",
      "name": "修改20x20",
      "font_class": "edit",
      "unicode": "e657",
      "unicode_decimal": 58967
    },
    {
      "icon_id": "32360737",
      "name": "云下载16x16",
      "font_class": "download",
      "unicode": "e659",
      "unicode_decimal": 58969
    },
    {
      "icon_id": "32360738",
      "name": "unknown14x14@1x",
      "font_class": "unknown",
      "unicode": "e65a",
      "unicode_decimal": 58970
    },
    {
      "icon_id": "32361522",
      "name": "删除20x20",
      "font_class": "delete",
      "unicode": "e65b",
      "unicode_decimal": 58971
    }
  ]
}
